City_ID,City,Lat,Lng,Max Temp,Humidity,Cloudiness,Wind Speed,Country,Date
0,Upernavik,72.7868,-56.1549,0.88,89,62,4.68,GL,2022-05-06 04:05:25
1,Boguchany,58.3814,97.4531,51.01,45,100,7.56,RU,2022-05-06 04:05:26
2,Zelenoborskiy,66.845,32.3622,35.53,96,100,5.73,RU,2022-05-06 04:05:26
3,Hofn,64.2539,-15.2082,38.84,53,0,11.27,IS,2022-05-06 04:05:27
4,Sao Joao Da Barra,-21.6403,-41.0511,71.24,84,7,10.76,BR,2022-05-06 04:05:27
5,Butaritari,3.0707,172.7902,81.55,72,41,17.69,KI,2022-05-06 04:05:28
6,Ushuaia,-54.8,-68.3,36.34,96,89,7.74,AR,2022-05-06 04:00:34
7,Puerto Ayora,-0.7393,-90.3518,73.17,93,100,5.95,EC,2022-05-06 04:05:28
8,Phan Thiet,10.9333,108.1,88.74,60,65,14.74,VN,2022-05-06 04:05:29
9,Cabedelo,-6.9811,-34.8339,75.87,82,100,10.98,BR,2022-05-06 04:05:29
10,Busselton,-33.65,115.3333,64.98,44,0,12.3,AU,2022-05-06 04:05:30
11,Monrovia,6.3005,-10.7969,75.9,89,99,7.09,LR,2022-05-06 04:00:31
12,Ilulissat,69.2167,-51.1,15.82,62,2,0.0,GL,2022-05-06 04:05:30
13,Saint George,37.1041,-113.5841,77.79,17,63,1.99,US,2022-05-06 03:59:41
14,Hithadhoo,-0.6,73.0833,84.56,74,97,15.41,MV,2022-05-06 04:05:31
15,Ahipara,-35.1667,173.1667,67.82,60,3,6.6,NZ,2022-05-06 04:05:32
16,Codrington,-38.2667,141.9667,54.95,73,98,10.71,AU,2022-05-06 04:05:32
17,Albany,42.6001,-73.9662,54.01,69,100,4.7,US,2022-05-06 04:03:20
18,Solton,52.8429,86.4787,62.74,35,48,5.55,RU,2022-05-06 04:05:33
19,Jamestown,42.097,-79.2353,56.01,57,20,4.61,US,2022-05-06 04:05:33
20,Sitka,57.0531,-135.33,44.49,76,75,0.0,US,2022-05-06 04:05:34
21,Port Elizabeth,-33.918,25.5701,62.89,93,40,16.11,ZA,2022-05-06 04:03:23
22,Lasa,46.6166,10.7002,45.7,99,100,3.02,IT,2022-05-06 04:05:34
23,Punta Arenas,-53.15,-70.9167,39.11,80,33,22.03,CL,2022-05-06 04:02:14
24,Hobart,-42.8794,147.3294,57.25,80,75,10.36,AU,2022-05-06 04:05:35
25,Hasaki,35.7333,140.8333,72.0,70,100,10.92,JP,2022-05-06 04:05:35
26,Avarua,-21.2078,-159.775,82.45,74,96,3.44,CK,2022-05-06 04:05:36
27,Aripuana,-9.1667,-60.6333,71.53,96,49,0.89,BR,2022-05-06 04:05:36
28,Fare,-16.7,-151.0167,81.54,74,99,7.99,PF,2022-05-06 04:05:37
29,Thompson,55.7435,-97.8558,37.94,99,100,7.36,CA,2022-05-06 04:05:37
30,Rikitea,-23.1203,-134.9692,77.99,85,63,16.51,PF,2022-05-06 04:05:38
31,Cape Town,-33.9258,18.4232,58.12,94,84,5.01,ZA,2022-05-06 04:05:38
32,Berdigestyakh,62.0989,126.6992,38.66,56,80,8.12,RU,2022-05-06 04:05:39
33,Vestmanna,62.1564,-7.1664,43.72,93,100,23.02,FO,2022-05-06 04:05:39
34,Kalmunai,7.4167,81.8167,86.23,69,45,6.11,LK,2022-05-06 04:05:39
35,Atuona,-9.8,-139.0333,78.89,75,85,14.18,PF,2022-05-06 04:05:40
36,Gizo,-8.103,156.8419,84.83,71,23,5.86,SB,2022-05-06 04:05:42
37,Tuktoyaktuk,69.4541,-133.0374,31.19,94,100,11.83,CA,2022-05-06 04:05:42
38,Belmonte,-15.8631,-38.8828,78.42,81,1,10.07,BR,2022-05-06 04:05:42
39,Kapaa,22.0752,-159.319,80.58,84,100,16.11,US,2022-05-06 04:05:43
40,Los Llanos De Aridane,28.6585,-17.9182,60.55,76,75,10.36,ES,2022-05-06 04:05:43
41,Pevek,69.7008,170.3133,29.98,87,93,4.94,RU,2022-05-06 04:05:44
42,Barrow,71.2906,-156.7887,17.62,86,100,19.57,US,2022-05-06 04:05:44
43,Hermanus,-34.4187,19.2345,58.37,87,66,7.54,ZA,2022-05-06 04:05:45
44,Katsuura,35.1333,140.3,66.78,71,100,8.25,JP,2022-05-06 04:05:45
45,Kaitangata,-46.2817,169.8464,61.45,70,100,1.9,NZ,2022-05-06 04:05:46
46,Hirara,24.8,125.2833,77.76,86,40,9.53,JP,2022-05-06 04:06:46
47,Izhma,65.0083,53.9113,28.13,58,53,5.28,RU,2022-05-06 04:06:47
48,Seymchan,62.8833,152.4333,41.14,55,60,20.51,RU,2022-05-06 04:06:47
49,East London,-33.0153,27.9116,69.85,41,0,7.31,ZA,2022-05-06 04:06:48
50,Shaunavon,49.6501,-108.4181,65.73,44,100,20.29,CA,2022-05-06 04:06:48
51,Port Hardy,50.6996,-127.4199,43.74,84,84,9.71,CA,2022-05-06 04:04:08
52,Ribeira Grande,38.5167,-28.7,63.09,89,100,28.86,PT,2022-05-06 04:06:49
53,Pasighat,28.0667,95.3333,85.64,53,1,4.09,IN,2022-05-06 04:06:49
54,Vaini,-21.2,-175.2,78.96,83,75,11.5,TO,2022-05-06 04:06:50
55,Bluff,-46.6,168.3333,65.8,78,100,3.44,NZ,2022-05-06 04:06:50
56,Krasnoselkup,65.7,82.4667,22.06,70,85,5.91,RU,2022-05-06 04:06:51
57,Clyde River,70.4692,-68.5914,10.6,88,67,4.29,CA,2022-05-06 04:06:51
58,Calama,-22.4667,-68.9333,45.09,31,2,19.57,CL,2022-05-06 04:06:52
59,Xichang,27.8964,102.2634,76.51,43,70,3.51,CN,2022-05-06 04:06:52
60,Dzilam Gonzalez,21.2833,-88.9333,79.61,73,23,8.5,MX,2022-05-06 04:06:53
61,Gore,-46.1028,168.9436,61.81,75,100,1.41,NZ,2022-05-06 04:06:53
62,Oum Hadjer,13.2954,19.6966,85.55,38,64,5.97,TD,2022-05-06 04:06:54
63,Mirnyy,62.5353,113.9611,48.24,34,86,15.99,RU,2022-05-06 04:06:54
64,Batticaloa,7.7102,81.6924,85.15,70,83,5.75,LK,2022-05-06 04:06:13
65,Fortuna,40.5982,-124.1573,59.67,88,100,13.8,US,2022-05-06 04:06:55
66,Faya,18.3851,42.4509,64.92,39,58,3.09,SA,2022-05-06 04:06:56
67,Coos Bay,43.3665,-124.2179,56.98,97,100,14.97,US,2022-05-06 04:06:56
68,Sola,-13.8833,167.55,82.06,75,18,11.54,VU,2022-05-06 04:06:57
69,Port Alfred,-33.5906,26.891,66.4,55,0,10.45,ZA,2022-05-06 04:06:57
70,Qaanaaq,77.484,-69.3632,11.39,76,42,7.96,GL,2022-05-06 04:06:58
71,Chokurdakh,70.6333,147.9167,28.85,88,100,10.31,RU,2022-05-06 04:06:58
72,Cherskiy,68.75,161.3,35.37,100,100,9.46,RU,2022-05-06 04:06:59
73,Bambous Virieux,-20.3428,57.7575,77.25,83,75,19.57,MU,2022-05-06 04:06:59
74,Saskylakh,71.9167,114.0833,29.32,96,100,8.84,RU,2022-05-06 04:07:00
75,Mahebourg,-20.4081,57.7,77.29,83,75,19.57,MU,2022-05-06 04:07:00
76,Kavaratti,10.5669,72.642,84.92,71,100,12.48,IN,2022-05-06 04:07:01
77,Vila Velha,-20.3297,-40.2925,76.95,94,100,3.44,BR,2022-05-06 04:07:01
78,Knappskog,60.3819,5.0558,49.78,87,75,10.36,NO,2022-05-06 04:07:02
79,Egvekinot,66.3167,-179.1667,21.33,89,90,2.91,RU,2022-05-06 04:07:02
80,Bosilegrad,42.5011,22.4724,47.23,88,12,1.25,RS,2022-05-06 04:07:03
81,Ipixuna,-1.7625,-48.8043,74.23,98,100,2.93,BR,2022-05-06 04:07:03
82,Asau,46.4333,26.4,40.28,77,28,1.45,RO,2022-05-06 04:07:03
83,Lompoc,34.6391,-120.4579,55.78,80,0,23.0,US,2022-05-06 04:06:25
84,Sidrolandia,-20.9319,-54.9614,55.99,94,0,5.91,BR,2022-05-06 04:07:04
85,Castro,-24.7911,-50.0119,53.2,95,3,2.28,BR,2022-05-06 04:07:05
86,Lethem,3.3803,-59.7968,77.11,82,86,8.05,GY,2022-05-06 04:07:05
87,Jutai,-5.1833,-68.9,71.26,97,55,1.34,BR,2022-05-06 04:07:05
88,Longyearbyen,78.2186,15.6401,24.64,86,75,11.5,SJ,2022-05-06 04:03:56
89,Nicoya,10.1483,-85.452,77.65,89,94,3.18,CR,2022-05-06 04:07:06
90,Winslow,35.0242,-110.6974,66.38,15,0,10.36,US,2022-05-06 04:07:07
91,Tasiilaq,65.6145,-37.6368,23.16,70,10,7.36,GL,2022-05-06 04:08:07
92,Wyoming,43.0002,-107.5009,57.0,39,100,17.78,US,2022-05-06 04:08:08
93,Nsukka,6.8561,7.3927,70.48,92,100,2.59,NG,2022-05-06 04:08:08
94,Dikson,73.5069,80.5464,16.18,91,100,23.09,RU,2022-05-06 04:08:09
95,Pangkalanbuun,-2.6833,111.6167,93.51,50,16,2.64,ID,2022-05-06 04:08:09
96,Soyo,-6.1349,12.3689,76.46,89,65,3.94,AO,2022-05-06 04:08:10
97,Berlevag,70.8578,29.0864,35.4,89,100,14.85,NO,2022-05-06 04:08:10
98,Corn Island,12.1694,-83.0418,81.07,82,99,13.27,NI,2022-05-06 04:08:11
99,Zhigansk,66.7697,123.3711,29.73,92,15,8.75,RU,2022-05-06 04:08:11
100,Yafran,32.0633,12.5286,66.16,26,17,7.31,LY,2022-05-06 04:08:12
101,Bad Wildungen,51.1196,9.1248,40.62,87,20,4.61,DE,2022-05-06 04:08:13
102,Kavieng,-2.5744,150.7967,84.51,75,65,12.86,PG,2022-05-06 04:08:13
103,Sao Jose Da Coroa Grande,-8.8978,-35.1478,78.06,82,100,8.32,BR,2022-05-06 04:08:13
104,Cap Malheureux,-19.9842,57.6142,73.47,86,80,8.01,MU,2022-05-06 04:08:14
105,New Norfolk,-42.7826,147.0587,56.91,89,95,1.99,AU,2022-05-06 04:08:14
106,Mataura,-46.1927,168.8643,65.48,75,100,1.48,NZ,2022-05-06 04:08:15
107,Carnarvon,-24.8667,113.6333,86.07,25,0,9.22,AU,2022-05-06 04:08:16
108,Saint-Philippe,-21.3585,55.7679,76.59,84,61,17.49,RE,2022-05-06 04:08:16
109,Mildura,-34.2,142.15,59.07,47,75,8.05,AU,2022-05-06 04:08:16
110,Hualmay,-11.0964,-77.6139,64.26,89,27,7.9,PE,2022-05-06 04:08:17
111,Isangel,-19.55,169.2667,79.7,73,10,14.32,VU,2022-05-06 04:07:47
112,Dalvik,65.9702,-18.5286,30.58,96,100,8.23,IS,2022-05-06 04:08:18
113,Dunedin,-45.8742,170.5036,60.8,62,100,4.0,NZ,2022-05-06 04:08:18
114,Labytnangi,66.6572,66.4183,23.52,78,85,7.36,RU,2022-05-06 04:08:19
115,Haicheng,40.8516,122.7475,59.22,45,100,11.1,CN,2022-05-06 04:08:19
116,Cayenne,4.9333,-52.3333,78.1,1,75,4.0,GF,2022-05-06 04:08:20
117,Touros,-5.1989,-35.4608,76.44,92,100,9.78,BR,2022-05-06 04:08:20
118,Honiara,-9.4333,159.95,84.92,73,91,5.82,SB,2022-05-06 04:08:21
119,Labuan,5.2767,115.2417,83.05,76,86,4.7,MY,2022-05-06 04:08:22
120,Poddorye,57.4695,31.1156,41.92,68,96,6.51,RU,2022-05-06 04:08:22
121,Moskovskoye,45.2842,41.9103,45.25,97,100,16.51,RU,2022-05-06 04:08:23
122,Alofi,-19.0595,-169.9187,79.36,69,19,6.26,NU,2022-05-06 04:08:23
123,Yellowknife,62.456,-114.3525,42.15,79,94,8.79,CA,2022-05-06 04:08:24
124,Georgetown,5.4112,100.3354,89.53,70,20,4.61,MY,2022-05-06 04:07:02
125,Port Hedland,-20.3167,118.5667,84.25,30,0,13.8,AU,2022-05-06 04:08:24
126,Severo-Kurilsk,50.6789,156.125,37.62,81,66,5.32,RU,2022-05-06 04:08:25
127,Adrar,20.5022,-10.0711,74.52,20,3,10.92,MR,2022-05-06 04:08:25
128,Souillac,-20.5167,57.5167,77.38,83,75,19.57,MU,2022-05-06 04:08:26
129,Albania,41.0,20.0,57.88,73,47,2.3,AL,2022-05-06 04:08:26
130,Geraldton,-28.7667,114.6,75.61,27,0,13.8,AU,2022-05-06 04:08:27
131,Zherdevka,51.8486,41.4606,42.6,59,0,4.9,RU,2022-05-06 04:08:27
132,Tamana,32.9167,130.5667,72.9,77,100,2.84,JP,2022-05-06 04:08:28
133,Hilo,19.7297,-155.09,79.29,93,100,8.05,US,2022-05-06 04:08:28
134,Progreso,21.2833,-89.6667,85.1,68,25,11.27,MX,2022-05-06 04:08:29
135,Ambon,-3.6954,128.1814,91.54,62,20,6.91,ID,2022-05-06 04:08:29
136,Leh,34.1667,77.5833,47.61,47,57,3.83,IN,2022-05-06 04:08:30
137,Mar Del Plata,-38.0023,-57.5575,57.87,76,0,9.22,AR,2022-05-06 04:09:30
138,Kushmurun,52.4503,64.6311,48.04,47,30,19.55,KZ,2022-05-06 04:09:31
139,Lima,-12.0432,-77.0282,66.9,79,40,16.11,PE,2022-05-06 04:09:31
140,North Platte,41.1239,-100.7654,49.12,88,0,8.01,US,2022-05-06 04:09:32
141,Ulaangom,49.9811,92.0667,54.07,20,100,4.79,MN,2022-05-06 04:09:32
142,Vardo,70.3705,31.1107,35.64,97,100,12.33,NO,2022-05-06 04:09:33
143,Rudnya,54.947,31.0934,40.32,75,19,5.91,RU,2022-05-06 04:09:33
144,Bredasdorp,-34.5322,20.0403,56.32,93,25,5.61,ZA,2022-05-06 04:09:34
145,Yulara,-25.2406,130.9889,64.74,28,81,12.57,AU,2022-05-06 04:09:34
146,Bethel,41.3712,-73.414,57.72,60,0,0.0,US,2022-05-06 04:09:35
147,Shache,38.4167,77.2406,79.18,19,91,6.33,CN,2022-05-06 04:09:35
148,Willmar,45.1219,-95.0433,55.42,54,100,3.44,US,2022-05-06 04:09:36
149,Stavanger,58.9701,5.7333,49.24,90,75,10.36,NO,2022-05-06 04:09:36
150,Poum,-20.2333,164.0167,77.67,75,14,5.77,NC,2022-05-06 04:09:37
151,Dickinson,29.4608,-95.0513,73.94,95,40,0.0,US,2022-05-06 04:09:37
152,Nizhneangarsk,55.7833,109.55,31.78,72,9,2.86,RU,2022-05-06 04:09:38
153,Klaksvik,62.2266,-6.589,45.52,89,93,19.42,FO,2022-05-06 04:09:38
154,Kawalu,-7.3817,108.2082,85.87,64,43,4.88,ID,2022-05-06 04:09:38
155,Saryagash,41.4511,69.1701,70.23,75,100,4.07,KZ,2022-05-06 04:09:39
156,Kruisfontein,-34.0033,24.7314,57.07,88,11,8.23,ZA,2022-05-06 04:09:39
157,Lope De Vega,12.2983,124.6238,93.51,48,66,5.88,PH,2022-05-06 04:09:40
158,Capitao Poco,-1.7464,-47.0594,72.7,98,100,3.58,BR,2022-05-06 04:09:40
159,Vao,-22.6667,167.4833,75.31,76,3,21.3,NC,2022-05-06 04:09:41
160,Komsomolskiy,40.4272,71.7189,72.32,60,100,2.3,UZ,2022-05-06 04:09:41
161,Ojinaga,29.5667,-104.4167,78.57,16,0,8.05,MX,2022-05-06 04:09:42
162,Kodiak,57.79,-152.4072,44.11,87,100,11.5,US,2022-05-06 04:09:42
163,Verkhnevilyuysk,63.4453,120.3167,38.77,61,92,6.89,RU,2022-05-06 04:09:43
164,Shiyan,32.6475,110.7781,87.12,38,1,4.32,CN,2022-05-06 04:09:43
165,Waipawa,-41.4122,175.5153,59.56,76,10,1.97,NZ,2022-05-06 04:09:44
166,Keuruu,62.2667,24.7,41.18,87,71,4.03,FI,2022-05-06 04:09:44
167,Kikwit,-5.041,18.8162,70.56,86,73,1.43,CD,2022-05-06 04:09:45
168,Port Moresby,-9.4431,147.1797,82.33,77,57,7.94,PG,2022-05-06 04:08:42
169,Lake Havasu City,34.4839,-114.3224,89.6,9,0,9.22,US,2022-05-06 04:09:45
170,The Valley,18.217,-63.0578,78.1,72,22,17.38,AI,2022-05-06 04:09:46
171,Rumonge,-3.9736,29.4386,72.09,79,98,3.87,BI,2022-05-06 04:09:46
172,Matara,5.9485,80.5353,83.16,78,99,13.85,LK,2022-05-06 04:09:47
173,Kovdor,67.5662,30.4758,35.56,89,100,9.31,RU,2022-05-06 04:09:47
174,Provideniya,64.3833,-173.3,30.36,80,0,0.0,RU,2022-05-06 04:09:48
175,Nelson Bay,-32.7167,152.15,69.1,49,8,1.99,AU,2022-05-06 04:08:45
176,Faanui,-16.4833,-151.75,81.63,71,81,7.58,PF,2022-05-06 04:09:49
177,Sur,22.5667,59.5289,86.7,43,0,5.23,OM,2022-05-06 04:09:49
178,Varzelandia,-15.7014,-44.0275,69.57,61,12,2.19,BR,2022-05-06 04:10:50
179,Flin Flon,54.7682,-101.865,38.7,100,100,8.5,CA,2022-05-06 04:10:50
180,Altamira,-3.2033,-52.2064,72.95,98,91,3.02,BR,2022-05-06 04:10:51
181,Namwala,-15.7504,26.4384,56.23,90,2,3.09,ZM,2022-05-06 04:10:51
182,Nome,64.5011,-165.4064,40.15,69,0,8.05,US,2022-05-06 04:10:52
183,Rampura,30.25,75.2333,97.09,22,0,3.98,IN,2022-05-06 04:10:52
184,Namibe,-15.1961,12.1522,76.84,51,0,0.94,AO,2022-05-06 04:10:53
185,San Matias,-16.3667,-58.4,59.29,56,0,2.46,BO,2022-05-06 04:10:53
186,Shimanovsk,52.0,127.7,52.29,19,100,16.96,RU,2022-05-06 04:10:54
187,Gamba,-2.65,10.0,76.95,94,99,5.06,GA,2022-05-06 04:10:59
188,Altay,47.8667,88.1167,64.35,49,100,7.0,CN,2022-05-06 04:11:00
189,Sakakah,29.9697,40.2064,60.69,40,0,15.86,SA,2022-05-06 04:11:00
190,Bengkulu,-3.8004,102.2655,85.24,65,69,4.79,ID,2022-05-06 04:11:01
191,Visnes,59.3556,5.2242,49.21,93,100,11.5,NO,2022-05-06 04:11:01
192,Lebu,-37.6167,-73.65,51.3,86,0,4.59,CL,2022-05-06 04:11:02
193,Andenes,69.3143,16.1194,39.18,81,75,20.71,NO,2022-05-06 04:11:02
194,Chapais,49.7834,-74.8492,23.41,90,27,5.21,CA,2022-05-06 04:11:03
195,Khatanga,71.9667,102.5,20.79,83,61,17.87,RU,2022-05-06 04:11:03
196,Pisco,-13.7,-76.2167,64.02,88,34,5.75,PE,2022-05-06 04:11:04
197,Fuling,29.7022,107.3919,86.07,50,100,2.33,CN,2022-05-06 04:11:04
198,Kozhva,65.1073,57.0459,27.14,59,86,7.34,RU,2022-05-06 04:11:05
199,Freeport,40.6576,-73.5832,62.19,75,0,4.61,US,2022-05-06 04:10:37
200,Svetlogorsk,52.6333,29.7333,41.81,76,30,6.15,BY,2022-05-06 04:11:05
201,Kihei,20.785,-156.4656,75.22,84,40,21.85,US,2022-05-06 04:11:06
202,Alyangula,-13.8483,136.4192,82.71,62,78,18.43,AU,2022-05-06 04:11:06
203,Coquimbo,-29.9533,-71.3436,58.21,86,100,1.14,CL,2022-05-06 04:11:07
204,Jardim,-21.4803,-56.1381,58.01,89,0,3.0,BR,2022-05-06 04:11:07
205,Hvide Sande,56.0045,8.1294,46.09,88,98,11.81,DK,2022-05-06 04:11:07
206,Huejuquilla El Alto,22.6,-103.8667,63.39,42,9,3.4,MX,2022-05-06 04:11:08
207,Aykhal,66.0,111.5,34.52,100,100,19.55,RU,2022-05-06 04:11:08
208,Doka,13.5167,35.7667,83.79,45,90,5.66,SD,2022-05-06 04:10:17
209,Oistins,13.0667,-59.5333,78.89,83,40,18.41,BB,2022-05-06 04:11:09
210,Constitucion,-35.3333,-72.4167,54.97,89,0,6.26,CL,2022-05-06 04:11:09
211,La Ronge,55.1001,-105.2842,37.85,97,90,11.36,CA,2022-05-06 04:11:10
212,Kununurra,-15.7667,128.7333,87.78,27,0,1.14,AU,2022-05-06 04:08:13
213,Kaitong,44.8135,123.15,62.42,11,3,17.45,CN,2022-05-06 04:11:10
214,Ponta Do Sol,32.6667,-17.1,64.71,70,100,3.44,PT,2022-05-06 04:11:11
215,Lavrentiya,65.5833,-171.0,25.92,80,15,1.83,RU,2022-05-06 04:11:11
216,Swellendam,-34.0226,20.4417,56.55,92,64,0.63,ZA,2022-05-06 04:11:12
217,Rocha,-34.4833,-54.3333,51.66,89,73,5.61,UY,2022-05-06 04:09:42
218,Ballina,-28.8667,153.5667,73.78,93,100,5.77,AU,2022-05-06 04:11:13
219,Roseburg,43.2165,-123.3417,57.31,92,100,0.0,US,2022-05-06 04:07:14
220,Sudislavl,57.8817,41.7083,39.15,57,76,7.14,RU,2022-05-06 04:11:13
221,Uusikaupunki,60.8004,21.4084,41.38,93,72,2.28,FI,2022-05-06 04:11:14
222,Rawson,-43.3002,-65.1023,58.75,58,42,9.73,AR,2022-05-06 04:11:14
223,Chuy,-33.6971,-53.4616,53.96,88,30,4.9,UY,2022-05-06 04:12:15
224,Opuwo,-18.0607,13.84,60.39,41,0,7.96,NA,2022-05-06 04:12:16
225,Arraial Do Cabo,-22.9661,-42.0278,73.87,81,0,23.15,BR,2022-05-06 04:10:16
226,Kapurthala,31.3794,75.3847,95.49,19,0,5.86,IN,2022-05-06 04:09:58
227,Tongchuan,35.0806,109.0897,84.45,30,31,5.39,CN,2022-05-06 04:12:16
228,Nanortalik,60.1432,-45.2371,34.45,95,100,14.74,GL,2022-05-06 04:12:17
229,Margate,51.3813,1.3862,54.7,77,19,1.01,GB,2022-05-06 04:12:18
230,Umm Kaddadah,13.6017,26.6876,75.67,21,74,5.44,SD,2022-05-06 04:12:18
231,Seoul,37.5683,126.9778,78.19,38,38,10.69,KR,2022-05-06 04:10:09
232,Nouadhibou,20.931,-17.0347,64.13,85,26,16.17,MR,2022-05-06 04:12:19
233,Luanda,-8.8368,13.2343,77.0,88,20,0.0,AO,2022-05-06 04:12:19
234,Asfi,32.2994,-9.2372,62.44,80,0,14.38,MA,2022-05-06 04:12:20
235,Mansa,29.9833,75.3833,96.73,22,0,3.89,IN,2022-05-06 04:12:20
236,Nalut,30.3333,10.85,66.0,27,25,4.65,LY,2022-05-06 04:12:21
237,Ames,42.0347,-93.6199,54.64,89,100,8.05,US,2022-05-06 04:10:00
238,Constantine,36.365,6.6147,51.21,87,75,11.5,DZ,2022-05-06 04:12:21
239,Cascais,38.6979,-9.4215,60.15,71,1,5.99,PT,2022-05-06 04:12:22
240,Chiscas,6.5524,-72.4998,57.07,93,100,1.1,CO,2022-05-06 04:12:22
241,Grindavik,63.8424,-22.4338,34.27,80,20,12.66,IS,2022-05-06 04:12:23
242,Batemans Bay,-35.7167,150.1833,61.11,36,0,9.73,AU,2022-05-06 04:12:23
243,Necochea,-38.5473,-58.7368,55.8,68,93,10.65,AR,2022-05-06 04:08:28
244,Quatre Cocos,-20.2078,57.7625,77.11,79,77,21.68,MU,2022-05-06 04:12:24
245,Camacha,33.0833,-16.3333,58.42,82,40,5.75,PT,2022-05-06 04:12:24
246,Yanam,16.7333,82.2167,93.16,54,65,4.68,IN,2022-05-06 04:08:30
247,Palmer,42.1584,-72.3287,56.17,68,40,0.0,US,2022-05-06 04:12:25
248,Obera,-27.4871,-55.1199,52.92,99,6,2.46,AR,2022-05-06 04:11:22
249,Hayden,47.766,-116.7866,52.36,86,100,9.22,US,2022-05-06 04:12:01
250,Te Anau,-45.4167,167.7167,62.35,74,100,3.02,NZ,2022-05-06 04:12:25
251,Mao,39.8885,4.2658,59.56,72,0,13.8,ES,2022-05-06 04:12:26
252,Gari,59.4307,62.3497,34.36,63,100,19.51,RU,2022-05-06 04:12:26
253,Saint-Jean-De-Maurienne,45.1667,6.5833,32.23,94,100,4.32,FR,2022-05-06 04:12:27
254,Guerrero Negro,27.9769,-114.0611,60.39,89,16,13.96,MX,2022-05-06 04:12:29
255,Korla,41.7597,86.1469,81.43,22,100,4.29,CN,2022-05-06 04:12:29
256,Aklavik,68.2191,-135.0107,27.81,86,100,11.59,CA,2022-05-06 04:12:29
257,Saint Pete Beach,27.7253,-82.7412,78.85,78,0,5.75,US,2022-05-06 04:12:30
258,Tsaratanana,-16.7833,47.65,69.87,82,5,9.46,MG,2022-05-06 04:12:30
259,Vostok,46.4856,135.8833,55.06,71,100,14.56,RU,2022-05-06 04:12:31
260,Crepy-En-Valois,49.2336,2.8881,49.1,91,35,4.92,FR,2022-05-06 04:12:31
261,Kangaatsiaq,68.3065,-53.4641,12.25,97,25,4.79,GL,2022-05-06 04:12:32
262,Kieta,-6.2167,155.6333,84.42,76,86,8.03,PG,2022-05-06 04:12:32
263,Portland,45.5234,-122.6762,54.75,81,84,5.01,US,2022-05-06 04:09:51
264,Taiyuan,37.8694,112.5603,73.26,38,0,20.13,CN,2022-05-06 04:12:33
265,Wattegama,6.7989,81.4808,88.02,59,47,2.06,LK,2022-05-06 04:12:33
266,Leningradskiy,69.3833,178.4167,23.85,88,93,6.2,RU,2022-05-06 04:12:34
267,Gobabis,-22.45,18.9667,53.17,48,0,9.08,NA,2022-05-06 04:13:34
268,Airai,-8.9266,125.4092,70.65,73,69,3.49,TL,2022-05-06 04:13:35
269,Fairbanks,64.8378,-147.7164,50.22,67,75,11.5,US,2022-05-06 04:13:36
270,Bodden Town,19.2833,-81.25,79.93,82,27,10.85,KY,2022-05-06 04:13:37
271,Nadym,65.5333,72.5167,22.98,74,82,6.35,RU,2022-05-06 04:13:37
272,Alekseyevskoye,55.3071,50.1135,39.18,51,0,9.95,RU,2022-05-06 04:13:38
273,Along,28.1667,94.7667,86.58,49,6,1.79,IN,2022-05-06 04:13:38
274,Mogadishu,2.0371,45.3438,81.3,80,73,13.29,SO,2022-05-06 04:12:20
275,San Patricio,28.017,-97.5169,80.49,89,33,6.53,US,2022-05-06 04:13:39
276,Krasnoyarskiy,51.965,59.8967,42.17,55,21,17.94,RU,2022-05-06 04:13:39
277,Raudeberg,61.9875,5.1352,49.96,85,100,21.39,NO,2022-05-06 04:13:40
278,Mascota,20.5167,-104.7833,62.31,57,6,2.26,MX,2022-05-06 04:13:40
279,Hamilton,39.1834,-84.5333,58.23,96,100,8.05,US,2022-05-06 04:13:41
280,Loukhi,66.0764,33.0381,37.47,95,100,8.03,RU,2022-05-06 04:13:41
281,Batagay-Alyta,67.8006,130.4114,26.42,75,30,3.04,RU,2022-05-06 04:12:20
282,Benguela,-12.5763,13.4055,76.24,64,95,2.19,AO,2022-05-06 04:13:42
283,Smithers,54.7804,-127.1743,41.77,90,100,3.27,CA,2022-05-06 04:13:43
284,Conde,-7.2597,-34.9075,74.66,100,20,5.75,BR,2022-05-06 04:13:43
285,Muhos,64.808,25.9931,37.18,85,56,5.68,FI,2022-05-06 04:13:44
286,Saryg-Sep,51.5,95.6,60.04,21,100,1.99,RU,2022-05-06 04:13:44
287,Alta Floresta,-9.8756,-56.0861,70.12,95,11,2.44,BR,2022-05-06 04:13:45
288,Oranjemund,-28.55,16.4333,54.93,98,15,3.33,NA,2022-05-06 04:13:45
289,Mahibadhoo,3.7833,72.9667,84.36,71,97,11.81,MV,2022-05-06 04:13:46
290,Benesat,47.4167,23.3,51.78,83,54,3.98,RO,2022-05-06 04:13:46
291,Antsohihy,-14.8796,47.9875,73.72,75,1,4.5,MG,2022-05-06 04:13:47
292,Coromandel,-18.4733,-47.2003,58.39,82,2,3.98,BR,2022-05-06 04:13:47
293,Boende,-0.2167,20.8667,69.73,100,95,2.19,CD,2022-05-06 04:13:48
294,Victoria,22.2855,114.1577,85.96,69,11,13.0,HK,2022-05-06 04:10:48
295,Mitsamiouli,-11.3847,43.2844,80.24,70,5,8.43,KM,2022-05-06 04:13:49
296,Dryden,49.7833,-92.7503,41.61,92,6,6.24,CA,2022-05-06 04:13:49
297,Port Lincoln,-34.7333,135.8667,60.37,49,62,10.49,AU,2022-05-06 04:13:50
298,Diamantino,-14.4086,-56.4461,64.06,55,3,2.53,BR,2022-05-06 04:13:50
299,Esperance,-33.8667,121.9,64.36,49,16,7.58,AU,2022-05-06 04:13:51
300,Angoche,-16.2325,39.9086,71.44,88,2,8.75,MZ,2022-05-06 04:13:51
301,Salalah,17.0151,54.0924,84.29,79,40,4.61,OM,2022-05-06 04:13:52
302,Coahuayana,18.7333,-103.6833,72.0,90,78,2.01,MX,2022-05-06 04:13:53
303,Puerto El Triunfo,13.2833,-88.55,85.12,82,99,2.95,SV,2022-05-06 04:13:54
304,Tommot,58.9564,126.2925,38.68,59,100,7.47,RU,2022-05-06 04:13:54
305,Meulaboh,4.1363,96.1285,76.77,95,100,13.24,ID,2022-05-06 04:13:55
306,Stornoway,58.2093,-6.3865,52.03,97,100,4.61,GB,2022-05-06 04:13:55
307,Kisangani,0.5167,25.2,69.26,99,99,0.56,CD,2022-05-06 04:13:56
308,Novyy Urengoy,66.0833,76.6333,18.36,76,73,4.61,RU,2022-05-06 04:13:56
309,Santa Isabel Do Rio Negro,-0.4139,-65.0192,72.66,97,24,1.25,BR,2022-05-06 04:13:57
310,Tiksi,71.6872,128.8694,23.02,82,18,8.59,RU,2022-05-06 04:13:57
311,Chukhloma,58.7525,42.6825,38.66,59,71,6.26,RU,2022-05-06 04:14:58
312,Carmen,18.6333,-91.8333,84.79,76,94,12.24,MX,2022-05-06 04:14:58
313,Broome,42.2506,-75.833,53.8,63,0,6.91,US,2022-05-06 04:14:59
314,Areia Branca,-4.9561,-37.1369,76.69,89,100,13.13,BR,2022-05-06 04:15:00
315,San Cristobal,7.7669,-72.225,73.58,84,100,2.66,VE,2022-05-06 04:15:00
316,Karakol,42.4907,78.3936,56.52,68,62,4.25,KG,2022-05-06 04:15:01
317,Alice Springs,-23.7,133.8833,60.35,33,33,12.66,AU,2022-05-06 04:15:01
318,San Antonio,29.4241,-98.4936,78.53,73,0,6.91,US,2022-05-06 04:13:29
319,Novaya Ladoga,60.1025,32.3019,40.89,71,50,8.9,RU,2022-05-06 04:15:02
320,Columbus,39.9612,-82.9988,56.7,96,100,5.75,US,2022-05-06 04:14:47
321,Bilma,18.6853,12.9164,86.9,14,2,8.46,NE,2022-05-06 04:15:03
322,Namatanai,-3.6667,152.4333,83.73,78,55,9.1,PG,2022-05-06 04:15:05
323,Calahorra,42.3051,-1.9652,49.91,79,46,14.29,ES,2022-05-06 04:15:05
324,San Policarpo,12.1791,125.5072,84.74,73,59,10.27,PH,2022-05-06 04:15:06
325,Luderitz,-26.6481,15.1594,57.6,89,0,9.93,NA,2022-05-06 04:15:07
326,Vanavara,60.34,102.2797,50.4,45,99,9.19,RU,2022-05-06 04:15:07
327,Bonavista,48.6499,-53.1147,38.86,99,100,5.12,CA,2022-05-06 04:15:09
328,Torbay,47.6666,-52.7314,41.76,94,100,5.75,CA,2022-05-06 04:15:10
329,Roma,43.2128,-75.4557,50.72,78,0,3.44,US,2022-05-06 04:14:00
330,Tual,-5.6667,132.75,84.63,71,98,12.66,ID,2022-05-06 04:15:11
331,Sao Joao Dos Patos,-6.495,-43.7022,72.73,79,46,1.28,BR,2022-05-06 04:15:11
332,Chumikan,54.7183,135.315,34.86,89,100,6.93,RU,2022-05-06 04:15:12
333,Senhora Da Hora,41.1864,-8.6517,58.28,84,0,0.0,PT,2022-05-06 04:15:13
334,Palm Beach,26.6503,-80.4498,79.0,87,13,5.61,US,2022-05-06 04:15:13
335,Ketchikan,55.3422,-131.6461,46.87,66,40,8.05,US,2022-05-06 04:15:14
336,Vestmannaeyjar,63.4427,-20.2734,39.36,72,38,23.69,IS,2022-05-06 04:15:14
337,Monchegorsk,67.9397,32.8739,32.92,97,100,6.8,RU,2022-05-06 04:15:15
338,Pangai,-19.8,-174.35,79.47,71,1,6.06,TO,2022-05-06 04:15:15
339,Beringovskiy,63.05,179.3167,30.69,80,22,3.11,RU,2022-05-06 04:12:22
340,Suarez,2.954,-76.6964,66.76,98,100,0.45,CO,2022-05-06 04:15:16
341,Thinadhoo,0.5333,72.9333,84.18,74,95,11.59,MV,2022-05-06 04:15:16
342,Cockburn Town,21.4612,-71.1419,78.04,76,7,16.33,TC,2022-05-06 04:15:17
343,Verkh-Suetka,53.3,80.05,64.08,28,49,10.69,RU,2022-05-06 04:15:18
344,Tiarei,-17.5333,-149.3333,78.01,78,22,10.31,PF,2022-05-06 04:15:18
345,Tuy Hoa,13.0833,109.3,84.06,74,88,8.43,VN,2022-05-06 04:15:18
346,Blagodatnoye,45.3997,42.5867,45.52,95,100,15.68,RU,2022-05-06 04:15:19
347,Khandyga,62.6667,135.6,33.71,95,100,7.74,RU,2022-05-06 04:12:19
348,Oktyabrskoye,43.0645,44.7417,46.54,100,100,11.18,RU,2022-05-06 04:15:20
349,Kuryk,43.2,51.65,67.5,64,9,1.54,KZ,2022-05-06 04:15:20
350,Tromso,69.6496,18.957,39.38,75,75,28.77,NO,2022-05-06 04:15:20
351,Tiradentes,-21.1103,-44.1781,59.77,64,56,3.36,BR,2022-05-06 04:15:21
352,Nhulunbuy,-12.2333,136.7667,86.61,62,75,21.85,AU,2022-05-06 04:15:22
353,Iwanai,42.9744,140.5089,71.91,38,55,10.04,JP,2022-05-06 04:15:22
354,Tilichiki,60.4667,166.1,31.69,89,100,7.18,RU,2022-05-06 04:15:22
355,Tautira,-17.7333,-149.15,81.68,77,26,9.93,PF,2022-05-06 04:15:23
356,Cariamanga,-4.3333,-79.55,50.52,93,62,4.34,EC,2022-05-06 04:16:24
357,Maceio,-9.6658,-35.7353,76.44,88,40,1.14,BR,2022-05-06 04:16:25
358,Tuatapere,-46.1333,167.6833,63.59,72,99,2.75,NZ,2022-05-06 04:16:26
359,Salym,60.0625,71.4789,41.81,91,100,10.04,RU,2022-05-06 04:16:26
360,Tahta,26.7693,31.5021,62.96,43,0,10.47,EG,2022-05-06 04:16:27
361,Jinchang,38.4953,102.1739,65.32,28,92,12.88,CN,2022-05-06 04:16:28
362,Gramada,43.8344,22.6586,45.12,90,36,2.77,BG,2022-05-06 04:16:28
363,Lorengau,-2.0226,147.2712,85.84,69,22,7.25,PG,2022-05-06 04:16:29
364,Mabaruma,8.2,-59.7833,75.31,88,57,3.53,GY,2022-05-06 04:16:30
365,Iqaluit,63.7506,-68.5145,11.93,85,75,12.66,CA,2022-05-06 04:16:31
366,Vila Franca Do Campo,37.7167,-25.4333,66.2,88,100,15.59,PT,2022-05-06 04:16:32
367,Carutapera,-1.195,-46.02,75.16,94,76,4.76,BR,2022-05-06 04:16:33
368,Binga,-17.6203,27.3414,64.71,72,22,0.72,ZW,2022-05-06 04:16:33
369,Srednekolymsk,67.45,153.6833,34.38,100,100,5.19,RU,2022-05-06 04:16:34
370,Camocim,-2.9022,-40.8411,74.84,91,73,9.08,BR,2022-05-06 04:16:35
371,Kibala,9.1104,18.3463,73.35,94,0,0.0,TD,2022-05-06 04:16:35
372,Auki,-8.7676,160.7034,86.02,63,83,2.1,SB,2022-05-06 04:16:36
373,Taltal,-25.4,-70.4833,62.08,82,100,1.48,CL,2022-05-06 04:16:37
374,Xining,36.6167,101.7667,71.22,21,71,4.68,CN,2022-05-06 04:16:37
375,Lares,18.2947,-66.8771,74.66,91,75,4.54,PR,2022-05-06 04:16:38
376,Trat,12.5,102.5,85.87,71,80,4.34,TH,2022-05-06 04:16:38
377,Araouane,18.9048,-3.5265,86.29,22,89,7.16,ML,2022-05-06 04:16:39
378,Ati,13.2154,18.3353,86.0,41,86,7.85,TD,2022-05-06 04:16:39
379,Aurillac,44.9167,2.45,44.01,98,0,2.3,FR,2022-05-06 04:16:40
380,Julio De Castilhos,-29.2269,-53.6817,50.04,91,0,5.06,BR,2022-05-06 04:16:40
381,Launceston,-41.45,147.1667,53.24,87,75,11.5,AU,2022-05-06 04:16:41
382,Mareeba,-17.0,145.4333,82.49,69,96,6.38,AU,2022-05-06 04:16:42
383,Muros,42.7762,-9.0603,52.84,81,18,10.63,ES,2022-05-06 04:16:42
384,Morehead,37.2711,-87.1764,64.15,95,75,4.61,US,2022-05-06 04:16:43
385,Quibor,9.9287,-69.6201,74.21,76,100,4.88,VE,2022-05-06 04:16:44
386,Piacabucu,-10.4056,-36.4344,77.58,77,47,7.23,BR,2022-05-06 04:16:44
387,Sorochinsk,52.4338,53.1583,40.03,48,13,13.98,RU,2022-05-06 04:16:45
388,Talaya,61.3833,152.75,35.06,69,100,16.78,RU,2022-05-06 04:16:45
389,Sawtell,-30.3833,153.1,70.18,78,100,13.8,AU,2022-05-06 04:16:45
390,Tutoia,-2.7619,-42.2744,77.72,87,96,7.63,BR,2022-05-06 04:16:46
391,Lagoa,39.05,-27.9833,61.95,87,100,30.09,PT,2022-05-06 04:16:46
392,Lazaro Cardenas,17.9583,-102.2,75.81,83,36,4.32,MX,2022-05-06 04:16:47
393,Bakchar,57.0186,82.0711,60.31,31,44,8.72,RU,2022-05-06 04:16:47
394,Huai Thalaeng,14.997,102.6475,86.36,58,100,10.11,TH,2022-05-06 04:16:49
395,Waingapu,-9.6567,120.2641,87.48,65,41,12.73,ID,2022-05-06 04:16:50
396,Rafai,4.95,23.9167,68.72,99,100,0.98,CF,2022-05-06 04:16:50
397,Lunca Ilvei,47.3667,24.9833,46.11,86,12,1.12,RO,2022-05-06 04:16:51
398,Bambanglipuro,-7.95,110.2833,85.48,72,49,10.18,ID,2022-05-06 04:16:51
399,Sorland,67.667,12.6934,40.84,94,100,33.73,NO,2022-05-06 04:16:51
400,Nanzhang,31.7765,111.8386,85.24,47,0,5.75,CN,2022-05-06 04:16:52
401,Sobolevo,54.4299,31.8996,41.09,76,31,5.97,RU,2022-05-06 04:16:53
402,Shakawe,-18.3667,21.85,55.65,57,12,4.83,BW,2022-05-06 04:17:53
403,Byron Bay,-28.65,153.6167,72.95,90,100,3.38,AU,2022-05-06 04:17:53
404,Argelia,2.2556,-77.2488,65.05,97,100,0.78,CO,2022-05-06 04:17:54
405,Maragogi,-9.0122,-35.2225,77.68,83,100,7.4,BR,2022-05-06 04:17:54
406,Ozinki,51.1786,49.6769,40.73,48,90,15.88,RU,2022-05-06 04:17:55
407,Omboue,-1.5746,9.2618,75.94,95,100,3.71,GA,2022-05-06 04:17:55
408,Tirur,10.9,75.9167,83.39,65,91,5.39,IN,2022-05-06 04:17:56
409,Sao Filipe,14.8961,-24.4956,71.65,82,20,4.34,CV,2022-05-06 04:17:56
410,Sortland,68.6949,15.4162,39.16,98,100,10.16,NO,2022-05-06 04:17:57
411,Mandalgovi,45.7625,106.2708,48.42,21,30,8.41,MN,2022-05-06 04:17:57
412,Stankov,49.5535,13.0698,52.95,91,100,4.07,CZ,2022-05-06 04:17:58
413,Carlsbad,33.1581,-117.3506,66.43,88,100,4.61,US,2022-05-06 04:17:58
414,Cabo San Lucas,22.8909,-109.9124,73.51,73,0,9.98,MX,2022-05-06 04:14:57
415,Luanshya,-13.1367,28.4166,54.05,95,48,3.33,ZM,2022-05-06 04:17:59
416,Wuwei,37.9281,102.6414,68.58,29,66,9.66,CN,2022-05-06 04:17:59
417,Noumea,-22.2763,166.4572,82.0,99,51,14.52,NC,2022-05-06 04:18:00
418,Koygorodok,60.445,50.9968,36.93,56,31,9.4,RU,2022-05-06 04:18:00
419,Palana,59.1167,159.9667,28.27,92,100,17.11,RU,2022-05-06 04:18:00
420,Kuliyapitiya,7.4688,80.0401,84.56,73,87,5.35,LK,2022-05-06 04:18:01
421,Portoferraio,42.8115,10.3146,63.12,83,100,17.02,IT,2022-05-06 04:13:41
422,Omutninsk,58.67,52.1932,37.78,51,8,9.69,RU,2022-05-06 04:18:01
423,Kathu,7.9178,98.3332,85.82,99,97,7.78,TH,2022-05-06 04:18:02
424,Itarema,-2.9248,-39.9167,74.88,92,63,9.46,BR,2022-05-06 04:18:02
425,Inuvik,68.3499,-133.7218,25.56,93,100,10.36,CA,2022-05-06 04:18:03
426,Sinop,41.7711,34.8709,45.79,97,100,5.19,TR,2022-05-06 04:18:03
427,Saint-Georges,12.0564,-61.7485,80.28,78,40,11.5,GD,2022-05-06 04:16:43
428,Kenai,60.5544,-151.2583,51.89,53,40,12.66,US,2022-05-06 04:18:05
429,Juneau,58.3019,-134.4197,44.6,94,75,6.91,US,2022-05-06 04:16:53
430,Pital,2.2665,-75.8044,66.81,95,100,1.1,CO,2022-05-06 04:18:06
431,Shiojiri,36.1,137.9667,75.58,28,75,11.5,JP,2022-05-06 04:18:06
432,Pangnirtung,66.1451,-65.7125,9.18,89,33,6.2,CA,2022-05-06 04:17:52
433,Pestravka,52.405,49.9583,40.82,47,6,12.41,RU,2022-05-06 04:18:07
434,Petukhovo,55.0692,67.9019,48.72,54,82,26.42,RU,2022-05-06 04:18:07
435,Saint Paul,44.9444,-93.0933,56.52,67,0,3.44,US,2022-05-06 04:18:08
436,Bubaque,11.2833,-15.8333,78.37,69,3,14.47,GW,2022-05-06 04:18:11
437,Gappal,16.8394,121.8206,92.55,45,47,2.42,PH,2022-05-06 04:18:11
438,Parola,20.8833,75.1167,93.87,31,0,11.18,IN,2022-05-06 04:18:12
439,Port Blair,11.6667,92.75,84.24,74,75,5.75,IN,2022-05-06 04:18:12
440,Synya,65.3718,58.0387,26.82,60,82,6.96,RU,2022-05-06 04:18:12
441,Pundaguitan,6.3711,126.1689,83.21,76,100,12.95,PH,2022-05-06 04:18:13
442,Matane,48.8286,-67.522,35.73,75,100,15.41,CA,2022-05-06 04:16:00
443,Narsaq,60.9167,-46.05,34.02,96,100,11.83,GL,2022-05-06 04:18:13
444,Taoudenni,22.6783,-3.9836,86.07,11,53,7.9,ML,2022-05-06 04:16:46
445,Vanimo,-2.6741,141.3028,83.37,80,82,6.87,PG,2022-05-06 04:18:14
446,Tekirdag,40.978,27.5085,47.55,74,0,5.91,TR,2022-05-06 04:18:15
447,Nikolskoye,59.7035,30.7861,48.09,68,87,6.49,RU,2022-05-06 04:15:26
448,Zvishavane,-20.3267,30.0665,53.92,84,0,1.83,ZW,2022-05-06 04:18:16
449,Husavik,66.0449,-17.3389,31.06,90,100,23.02,IS,2022-05-06 04:19:16
450,Kirakira,-10.4544,161.9205,84.79,73,58,6.91,SB,2022-05-06 04:19:17
451,Ippy,6.2679,21.2247,69.24,95,94,2.68,CF,2022-05-06 04:19:17
452,Seriate,45.6834,9.7229,54.66,93,75,2.3,IT,2022-05-06 04:19:18
453,Villefontaine,45.6125,5.1456,50.76,87,0,8.05,FR,2022-05-06 04:19:18
454,Mikkeli,61.6886,27.2723,44.71,57,0,2.3,FI,2022-05-06 04:19:19
455,Halifax,44.6453,-63.5724,42.48,89,36,1.99,CA,2022-05-06 04:14:59
456,Rundu,-17.9333,19.7667,54.66,58,0,4.83,NA,2022-05-06 04:19:20
457,Longyan,25.1072,117.0225,84.02,52,100,1.95,CN,2022-05-06 04:19:20
458,Dingle,10.9995,122.6711,90.55,55,97,11.74,PH,2022-05-06 04:17:53
459,Altea,38.5989,-0.0514,59.68,72,0,1.01,ES,2022-05-06 04:19:21
460,Alta,69.9689,23.2717,40.26,56,0,11.5,NO,2022-05-06 04:19:21
461,Brownsville,25.9018,-97.4975,80.98,89,100,13.8,US,2022-05-06 04:17:36
462,Zhezkazgan,47.8043,67.7144,66.18,59,20,13.42,KZ,2022-05-06 04:19:22
463,Janow Lubelski,50.707,22.4104,51.22,87,72,5.77,PL,2022-05-06 04:19:22
464,Tomaszow Lubelski,50.4477,23.4162,49.66,75,98,6.93,PL,2022-05-06 04:19:23
465,Ewa Beach,21.3156,-158.0072,78.75,66,20,17.27,US,2022-05-06 04:19:23
466,Miles City,46.4083,-105.8406,63.57,51,0,12.66,US,2022-05-06 04:19:24
467,Plettenberg Bay,-34.0527,23.3716,59.22,90,4,6.64,ZA,2022-05-06 04:19:24
468,Trujillo,-8.116,-79.03,62.56,88,75,8.05,PE,2022-05-06 04:18:22
469,Saint-Louis,16.3333,-15.0,79.41,24,1,12.59,SN,2022-05-06 04:19:25
470,Dudinka,69.4058,86.1778,15.62,86,73,16.89,RU,2022-05-06 04:19:25
471,Elliot Lake,46.3834,-82.6331,41.13,73,64,3.11,CA,2022-05-06 04:19:26
472,Saint Anthony,45.0205,-93.218,56.14,66,20,3.44,US,2022-05-06 04:15:13
473,Jiayuguan,39.8167,98.3,68.94,21,100,15.19,CN,2022-05-06 04:19:26
474,Maningrida,-12.0667,134.2667,90.55,49,28,14.12,AU,2022-05-06 04:19:27
475,Kloulklubed,7.0419,134.2556,77.5,78,100,15.46,PW,2022-05-06 04:19:27
476,Eureka,40.8021,-124.1637,59.36,84,100,3.0,US,2022-05-06 04:17:55
477,Sinnamary,5.3833,-52.95,77.34,90,100,7.54,GF,2022-05-06 04:19:28
478,Erenhot,43.6475,111.9767,49.26,16,18,14.94,CN,2022-05-06 04:19:19
479,Ureki,41.9956,41.7786,51.76,87,100,3.44,GE,2022-05-06 04:19:28
480,Bongor,10.2806,15.3722,83.98,46,68,5.08,TD,2022-05-06 04:19:29
481,Mgachi,51.05,142.2667,50.83,85,100,10.69,RU,2022-05-06 04:19:29
482,Ankang,32.68,109.0172,84.94,41,0,1.79,CN,2022-05-06 04:19:30
483,Mahanoro,-19.9,48.8,71.62,85,60,7.2,MG,2022-05-06 04:17:15
484,Goure,13.9835,10.2704,89.02,15,85,8.52,NE,2022-05-06 04:19:31
485,Doume,4.2333,13.45,69.26,97,100,2.68,CM,2022-05-06 04:19:31
486,Saldanha,-33.0117,17.9442,58.64,89,83,0.85,ZA,2022-05-06 04:15:14
487,Siauliai,55.9333,23.3167,50.02,81,100,6.91,LT,2022-05-06 04:19:32
488,Nabire,-3.3667,135.4833,86.61,70,60,6.08,ID,2022-05-06 04:19:32
489,Gayeri,12.6497,0.4931,85.64,48,96,11.03,BF,2022-05-06 04:19:33
490,Uddevalla,58.3478,11.9424,47.07,94,12,5.23,SE,2022-05-06 04:19:33
491,Alpena,45.0617,-83.4327,46.65,93,0,0.0,US,2022-05-06 04:19:34
492,Tarancon,40.0085,-3.0073,45.9,67,1,6.96,ES,2022-05-06 04:19:34
493,Krasnyy Luch,48.1395,38.9371,43.05,60,100,13.44,UA,2022-05-06 04:19:34
494,Koriyama,37.4,140.3833,81.18,41,75,11.5,JP,2022-05-06 04:20:35
495,Arsenyev,44.1631,133.2733,58.21,74,100,10.02,RU,2022-05-06 04:20:35
496,Vyazma,55.2104,34.2951,41.11,69,59,5.23,RU,2022-05-06 04:20:36
497,Novoagansk,61.9449,76.6625,32.92,98,100,13.67,RU,2022-05-06 04:20:36
498,Bucerias,20.75,-105.3333,76.98,83,75,4.61,MX,2022-05-06 04:20:09
499,Dongfeng,42.6403,125.5118,56.25,37,100,11.88,CN,2022-05-06 04:20:37
500,Ferreira Do Alentejo,38.05,-8.0333,53.19,82,0,3.44,PT,2022-05-06 04:20:38
501,Cidreira,-30.1811,-50.2056,63.16,68,70,4.61,BR,2022-05-06 04:20:38
502,Vagay,57.9375,69.0217,51.15,71,100,12.41,RU,2022-05-06 04:20:39
503,Libreville,0.3925,9.4537,76.01,89,100,4.92,GA,2022-05-06 04:17:19
504,Nemuro,43.3236,145.575,47.52,79,41,15.43,JP,2022-05-06 04:20:39
505,Lanzhou,36.0564,103.7922,76.89,28,68,5.73,CN,2022-05-06 04:20:40
506,Yar-Sale,66.8333,70.8333,23.23,81,88,14.03,RU,2022-05-06 04:20:40
507,Kjopsvik,68.097,16.3742,41.16,97,100,8.72,NO,2022-05-06 04:20:41
508,Sosua,19.7667,-70.5167,75.18,76,96,6.31,DO,2022-05-06 04:20:41
509,Bardiyah,31.7561,25.0865,60.01,74,2,3.83,LY,2022-05-06 04:20:42
510,Rehoboth,-23.3167,17.0833,54.52,38,0,5.73,NA,2022-05-06 04:20:42
511,Mecca,21.4267,39.8261,79.74,47,0,7.83,SA,2022-05-06 04:20:28
512,Gwadar,25.1216,62.3254,82.0,60,0,3.71,PK,2022-05-06 04:20:43
513,Darhan,49.4867,105.9228,49.89,22,50,5.37,MN,2022-05-06 04:20:44
514,Sungaipenuh,-2.0833,101.3833,79.07,65,71,4.16,ID,2022-05-06 04:20:44
515,Turayf,31.6725,38.6637,52.05,82,0,11.5,SA,2022-05-06 04:20:45
516,Samana,19.2056,-69.3369,75.49,88,98,7.94,DO,2022-05-06 04:20:45
517,Powell River,49.8496,-124.5361,50.07,90,100,12.82,CA,2022-05-06 04:20:45
518,Yukhnov,54.7444,35.2297,42.04,65,89,3.67,RU,2022-05-06 04:20:46
519,Riyadh,24.6877,46.7219,86.14,16,61,9.08,SA,2022-05-06 04:20:46
520,Miraflores,19.2167,-98.8083,72.25,50,74,3.42,MX,2022-05-06 04:20:47
521,Gunnedah,-30.9833,150.25,65.82,27,0,8.46,AU,2022-05-06 04:20:47
522,Mezen,65.8522,44.24,27.61,80,30,6.29,RU,2022-05-06 04:18:03
523,Gao,16.6362,1.637,88.0,12,100,8.61,ML,2022-05-06 04:20:48
524,Mount Gambier,-37.8333,140.7667,53.69,80,95,6.64,AU,2022-05-06 04:20:49
525,Volta Redonda,-22.5231,-44.1042,57.76,95,1,1.77,BR,2022-05-06 04:20:49
526,Floro,61.5996,5.0328,50.97,93,75,17.27,NO,2022-05-06 04:20:49
527,Tateyama,34.9833,139.8667,66.96,71,100,8.16,JP,2022-05-06 04:20:50
528,Porbandar,21.6422,69.6093,85.98,70,0,16.11,IN,2022-05-06 04:20:51
529,Bateria,11.1416,124.0267,87.35,64,49,4.56,PH,2022-05-06 04:20:51
530,Olafsvik,64.8945,-23.7142,35.31,64,36,15.35,IS,2022-05-06 04:20:52
531,Sept-Iles,50.2001,-66.3821,34.32,60,75,4.61,CA,2022-05-06 04:20:52
532,Biabou,13.2,-61.1333,79.32,77,86,15.95,VC,2022-05-06 04:20:53
533,Netivot,31.4222,34.5886,59.59,68,85,12.59,IL,2022-05-06 04:20:53
534,Camabatela,-8.1881,15.375,62.26,80,74,4.32,AO,2022-05-06 04:20:54
535,Terrace,54.5163,-128.6035,49.91,61,75,2.3,CA,2022-05-06 04:20:54
536,Ginda,30.6945,78.4932,74.23,37,29,5.55,IN,2022-05-06 04:20:54
537,Sultepec,18.8667,-99.95,62.13,28,7,4.29,MX,2022-05-06 04:20:55
538,Laguna,38.421,-121.4238,67.39,67,0,9.22,US,2022-05-06 04:20:55
539,San Andres,12.5847,-81.7006,82.42,83,75,6.91,CO,2022-05-06 04:20:52
540,Loyga,61.0784,44.6075,37.83,59,13,6.11,RU,2022-05-06 04:21:56
541,Henties Bay,-22.116,14.2845,63.59,68,0,4.05,NA,2022-05-06 04:21:56
542,Shingu,33.7333,135.9833,67.6,67,100,9.46,JP,2022-05-06 04:21:57
543,Kharp,66.8014,65.8081,21.87,78,70,7.61,RU,2022-05-06 04:21:57
544,Isiro,2.7739,27.616,64.06,99,71,2.21,CD,2022-05-06 04:21:58
545,Sao Felix Do Xingu,-6.6447,-51.995,71.04,99,61,2.13,BR,2022-05-06 04:21:58
546,Comodoro Rivadavia,-45.8667,-67.5,53.46,40,0,26.46,AR,2022-05-06 04:18:10
547,Pareora,-44.4871,171.2132,59.18,82,48,7.27,NZ,2022-05-06 04:21:59
548,Quelimane,-17.8786,36.8883,67.95,94,20,4.61,MZ,2022-05-06 04:21:59
549,Aktau,43.65,51.2,59.58,74,85,10.87,KZ,2022-05-06 04:22:00
550,Tulum,20.2167,-87.4667,76.82,91,50,7.31,MX,2022-05-06 04:18:37
551,Winnemucca,40.973,-117.7357,59.79,44,98,20.65,US,2022-05-06 04:17:51
552,Kuusamo,65.9667,29.1833,37.44,81,20,9.22,FI,2022-05-06 04:22:01
553,Kahului,20.8947,-156.47,75.22,82,40,21.85,US,2022-05-06 04:22:01
554,Moree,-29.4667,149.85,69.82,35,57,11.5,AU,2022-05-06 04:22:01
555,Hambantota,6.1241,81.1185,86.2,68,67,18.45,LK,2022-05-06 04:22:02
556,Yerofey Pavlovich,53.9667,121.9667,43.0,23,73,9.91,RU,2022-05-06 04:22:02
557,Limbazi,57.5129,24.7194,46.04,88,87,4.47,LV,2022-05-06 04:22:03
558,Bandarbeyla,9.4942,50.8122,82.8,79,32,13.87,SO,2022-05-06 04:22:03
559,Wajir,1.7471,40.0573,78.76,78,0,0.0,KE,2022-05-06 04:22:04
560,Kutum,14.2,24.6667,73.18,21,25,11.16,SD,2022-05-06 04:22:04
561,Bowen,-20.0167,148.2333,79.02,77,85,10.27,AU,2022-05-06 04:22:05
562,Hit,33.6416,42.8251,67.84,47,0,17.96,IQ,2022-05-06 04:22:05
